Variable,F_statistic,p_value
number_inpatient,2853.058043377469,0.0
number_emergency,376.87711879843573,8.449727559076053e-84
number_diagnoses,250.1338131449393,2.8342994094339335e-56
time_in_hospital,199.16334455214698,3.508332077461746e-45
num_medications,150.5311349924611,1.403913532608637e-34
