Variable,F_statistic,p_value
number_inpatient,2853.0580433774653,0.0
number_emergency,376.877118798436,8.449727559076053e-84
number_diagnoses,250.13381314493606,2.834299409450327e-56
time_in_hospital,199.16334455214655,3.508332077461746e-45
num_medications,150.53113499246095,1.403913532608637e-34
