cluster,number_inpatient,number_emergency,number_outpatient,time_in_hospital,num_medications,num_procedures,number_diagnoses,readmit_30
0,0.3322099640733793,0.09321845292976823,0.2009824182112994,3.0736018821734015,12.32938034527708,0.7788923155183926,6.904699074810034,0.09325024639938957
1,0.45477021031598197,0.10170352558675111,0.21522674162630812,7.200257391539947,23.550580824330275,2.6955667693975007,8.280082636231246,0.11596166220747113
2,3.253269024651661,1.207502679528403,1.992497320471597,4.437513397642015,17.091103965702036,0.8297963558413719,8.20128617363344,0.22154340836012862
